Cliente_RUC,Razon_Social,Nombre_Comercial,Direccion,Telefono,Email
20000000,BOTICA MATRIZ,BOTICA MATRIZ,"Av. Central 5915, Ayacucho",944019396,
20000001,BOTICA MATRIZ,BOTICA MATRIZ,"Av. Comercial 2422, Huancayo",954073024,BOTICA MATRIZ@GMAIL.COM
20000002,  Farmacia Fuerza,  FARMACIA FUERZA,"Av. Central 8710, Huancayo",996088163,
20000003,Droguería Especial,DROGUERÍA ESPECIAL,,,
20000004,Farmacia Corazón,FARMACIA CORAZÓN,"Av. Principal 2225, Huancayo",936548928,
20000005,Botica Éxito,Botica Éxito,"Av. Central 9975, Pucallpa",945892147,
20000006,Droguería Premium,DROGUERÍA PREMIUM,"Av. Principal 2342, Cusco",972748097,droguería_premium@outlook.com  
20000007,droguería moderna,DROGUERÍA MODERNA,"Av. Principal 3531, Huancayo",952085290,drogueríamoderna@gmail.com
20000008,botica generica,botica generica,"Av. Principal 9921, Ayacucho",998378140,boticagenerica@hotmail.com
20000009,  DROGUERÍA EXPRESS,  DROGUERÍA EXPRESS,"Av. Comercial 9432, Cusco",937715570,
20000010,Farmacia Corazón,FARMACIA CORAZÓN,"Av. Central 610, Arequipa",979163734,farmaciacorazón@gmail.com
20000011,Botica  San Pedro,Botica  San Pedro,"Av. Comercial 1340, Pucallpa",990316563,
20000012,Farmacia el Milagro,FARMACIA EL MILAGRO,,944378797,farmacia.el.milagro@yahoo.com
20000013,Farmacia Paz,FARMACIA PAZ,"Av. Principal 4913, Cusco",963029478,
20000014,Farmacia  Noble,FARMACIA  NOBLE,"Av. Comercial 2903, Pucallpa",914671408,farmacianoble@hotmail.com
20000015,Farmacia  Confianza,Farmacia  Confianza,"Av. Comercial 3847, Trujillo",,
20000016,Droguería Buena,Droguería Buena,"Av. Comercial 6745, Iquitos",969570850,drogueríabuena@gmail.com
20000017,Farmacia Oferta,Farmacia Oferta,"Av. Comercial 4885, Cusco",923337023,FARMACIA OFERTA@GMAIL.COM
20000018,Farmacia Nueva,FARMACIA NUEVA,"Av. Comercial 2373, Arequipa",932369623,
20000019,Botica Éxito,BOTICA ÉXITO,,932310069,
20000020,Farmacia Popular,FARMACIA POPULAR,"Av. Principal 7231, Lima",,farmaciapopular@hotmail.com
20000021,FARMACIA PROFESIONAL,FARMACIA PROFESIONAL,"Av. Comercial 5120, Pucallpa",935514022,farmacia_profesional@outlook.com  
20000022,Farmacia Corazón,FARMACIA CORAZÓN,"Av. Comercial 2764, Trujillo",974383257,
20000023,  Farmacia Corazón,FARMACIA CORAZÓN,"Av. Central 9086, Cusco",950253455,farmaciacorazón@gmail.com
20000024,droguería moderna,DROGUERÍA MODERNA,"Av. Comercial 1826, Arequipa",991107304,drogueríamoderna@gmail.com
20000025,Farmacia Rápida,FARMACIA RÁPIDA,"Av. Principal 1741, Arequipa",951625158,
20000026,Farmacia Amistad,FARMACIA AMISTAD,"Av. Comercial 9798, Cusco",923821987,farmacia_amistad@outlook.com  
20000027,Farmacia Nueva,FARMACIA NUEVA,"Av. Principal 7354, Lima",940262953,FARMACIA NUEVA@GMAIL.COM
20000028,Droguería Especial,DROGUERÍA ESPECIAL,,946301505,drogueríaespecial@hotmail.com
20000029,Drogueríamoderna,DROGUERÍAMODERNA,"Av. Comercial 9567, Iquitos",972723805,
20000030,Droguería Exacta,DROGUERÍA EXACTA,"Av. Comercial 5306, Cusco",962074666,DROGUERÍA EXACTA@GMAIL.COM
20000031,Farmacia Paz,Farmacia Paz,"Av. Central 7521, Huancayo",974736792,farmacia.paz@yahoo.com
20000032,Farmacia Salud Total,FARMACIA SALUD TOTAL,"Av. Central 3518, Huancayo",965051363,farmacia.salud.total@yahoo.com
20000033,Botica Perfecta,BOTICA PERFECTA,"Av. Central 2291, Trujillo",962312079,
20000034,BOTICA VIRTUD,BOTICA VIRTUD,"Av. Comercial 4830, Ayacucho",992088536,
20000035,Botica Bella,BOTICA BELLA,"Av. Central 6641, Trujillo",941338286,botica_bella@outlook.com  
20000036,Botica Calidad,Botica Calidad,,956529814,BOTICA CALIDAD@GMAIL.COM
20000037,BOTICA FELIZ,BOTICA FELIZ,"Av. Central 5546, Ayacucho",978859803,boticafeliz@gmail.com
20000038,botica VALOR,botica VALOR,"Av. Central 6495, Pucallpa",965688861,botica.valor@yahoo.com
20000039,Farmacia Siempre,Farmacia Siempre,"Av. Central 7125, Lima",932970141,FARMACIA SIEMPRE@GMAIL.COM
20000040,Botica Éxito,BOTICA ÉXITO,"Av. Central 8071, Ayacucho",998485217,
20000041,Farmacia  Confianza,Farmacia  Confianza,"Av. Principal 3591, Pucallpa",916731880,farmaciaconfianza@hotmail.com
20000042,Farmacia Amistad,FARMACIA AMISTAD,"Av. Central 7881, Ayacucho",934035212,FARMACIA AMISTAD@GMAIL.COM
20000043,FARMACIA PROFESIONAL,FARMACIA PROFESIONAL,"Av. Comercial 7593, Huancayo",949927058,
20000044,Botica Cruz Azul,BOTICA CRUZ AZUL,"Av. Central 6115, Ayacucho",920706922,
20000045,Farmacia  Global,FARMACIA  GLOBAL,"Av. Central 5305, Trujillo",980326607,farmaciaglobal@gmail.com
20000046,  Botica Amiga,  BOTICA AMIGA,,980539514,..botica.amiga@yahoo.com
20000047,  DROGUERÍA EXPRESS,  DROGUERÍA EXPRESS,"Av. Principal 4753, Iquitos",975930615,  DROGUERÍA EXPRESS@GMAIL.COM
20000048,Farmacia Siempre,FARMACIA SIEMPRE,"Av. Principal 2106, Lima",,
20000049,botica VALOR,botica VALOR,"Av. Comercial 702, Ayacucho",967741228,
20000050,Farmacia Vida Sana,FARMACIA VIDA SANA,"Av. Comercial 2006, Iquitos",939788825,
20000051,Droguería Especial,DROGUERÍA ESPECIAL,"Av. Comercial 575, Arequipa",919751343,DROGUERÍA ESPECIAL@GMAIL.COM
20000052,BOTICA SEGURA,BOTICA SEGURA,"Av. Central 3432, Iquitos",953641780,boticasegura@hotmail.com
20000053,Farmacia el Milagro,Farmacia el Milagro,"Av. Comercial 6055, Pucallpa",,FARMACIA EL MILAGRO@GMAIL.COM
20000054,BOTICA VIRTUD,BOTICA VIRTUD,"Av. Principal 8291, Trujillo",949181918,boticavirtud@gmail.com
20000055,Drogueríamoderna,Drogueríamoderna,"Av. Principal 1970, Trujillo",917012382,DROGUERÍAMODERNA@GMAIL.COM
20000056,Farmacia Salud Total,FARMACIA SALUD TOTAL,"Av. Central 3803, Pucallpa",958777203,
20000057,  Botica Elegancia,  BOTICA ELEGANCIA,"Av. Central 5101, Trujillo",934429763,boticaelegancia@hotmail.com
20000058,BOTICA MATRIZ,BOTICA MATRIZ,"Av. Comercial 6502, Cusco",991549296,boticamatriz@hotmail.com
20000059,Droguería Integral,DROGUERÍA INTEGRAL,"Av. Central 5378, Iquitos",927812363,
20000060,FARMACIA SANTA ROSA,FARMACIA SANTA ROSA,"Av. Central 1643, Trujillo",910278745,
20000061,botica generica,BOTICA GENERICA,"Av. Comercial 7971, Lima",949780104,
20000062,Farmacia Salud Total,FARMACIA SALUD TOTAL,"Av. Comercial 8072, Iquitos",910434912,farmacia_salud_total@outlook.com  
20000063,FARMACIA SANTA ROSA,FARMACIA SANTA ROSA,"Av. Comercial 7253, Huancayo",965094553,FARMACIA SANTA ROSA@GMAIL.COM
20000064,Farmacia  Confianza,FARMACIA  CONFIANZA,"Av. Comercial 7374, Trujillo",967661499,farmaciaconfianza@gmail.com
20000065,botica central,BOTICA CENTRAL,"Av. Comercial 6385, Huancayo",933651435,
20000066,Farmacia Vida Sana,FARMACIA VIDA SANA,"Av. Central 8540, Cusco",954335329,farmaciavidasana@gmail.com
20000067,Droguería  Los Andes,DROGUERÍA  LOS ANDES,"Av. Comercial 5880, Arequipa",945518735,
20000068,Farmacia  Noble,Farmacia  Noble,"Av. Principal 1988, Cusco",996797896,FARMACIA  NOBLE@GMAIL.COM
20000069,Botica Bella,BOTICA BELLA,"Av. Principal 3892, Cusco",916339734,botica.bella@yahoo.com
20000070,Farmacia Siempre,FARMACIA SIEMPRE,"Av. Comercial 4676, Cusco",957401587,FARMACIA SIEMPRE@GMAIL.COM
20000071,FARMACIA SANTA ROSA,FARMACIA SANTA ROSA,"Av. Central 9700, Trujillo",985013313,
20000072,BOTICA VIRTUD,BOTICA VIRTUD,"Av. Central 2190, Huancayo",933233379,boticavirtud@hotmail.com
20000073,  Farmacia Fuerza,  FARMACIA FUERZA,"Av. Comercial 2286, Cusco",988356499,  FARMACIA FUERZA@GMAIL.COM
20000074,DROGUERÍA HERMOSA,DROGUERÍA HERMOSA,"Av. Principal 1054, Pucallpa",953612979,droguería.hermosa@yahoo.com
20000075,Farmacia Paz,FARMACIA PAZ,"Av. Comercial 2530, Arequipa",974581697,
20000076,FARMACIA SANTA ROSA,FARMACIA SANTA ROSA,"Av. Central 9410, Cusco",989086213,
20000077,Botica del Centro,BOTICA DEL CENTRO,"Av. Central 7136, Pucallpa",989813098,botica_del_centro@outlook.com  
20000078,Farmacia Corazón,FARMACIA CORAZÓN,"Av. Comercial 4842, Ayacucho",945215900,
20000079,botica EXCELENCIA,BOTICA EXCELENCIA,"Av. Comercial 4029, Huancayo",919856422,
20000080,DROGUERÍA HERMOSA,DROGUERÍA HERMOSA,"Av. Principal 7248, Huancayo",970639191,droguería_hermosa@outlook.com  
20000081,Botica Éxito,BOTICA ÉXITO,"Av. Central 4013, Iquitos",910012944,BOTICA ÉXITO@GMAIL.COM
20000082,Botica Cruz Azul,BOTICA CRUZ AZUL,"Av. Principal 3685, Ayacucho",997437705,BOTICA CRUZ AZUL@GMAIL.COM
20000083,BOTICA SEGURA,BOTICA SEGURA,"Av. Central 544, Ayacucho",921843736,botica_segura@outlook.com  
20000084,  Farmacia Corazón,FARMACIA CORAZÓN,"Av. Central 5270, Trujillo",982840793,farmacia.corazón@yahoo.com
20000085,  Farmacia Fuerza,  FARMACIA FUERZA,,949882172,..farmacia.fuerza@yahoo.com
20000086,Botica  San Pedro,Botica  San Pedro,,985642382,boticasanpedro@hotmail.com
20000087,BOTICA VIRTUD,BOTICA VIRTUD,"Av. Principal 3113, Ayacucho",963908459,
20000088,Droguería Buena,DROGUERÍA BUENA,"Av. Principal 1946, Arequipa",988340568,
20000089,Farmacia Vida Sana,Farmacia Vida Sana,"Av. Central 6915, Ayacucho",953534906,farmacia_vida_sana@outlook.com  
20000090,Botica del Pueblo,Botica del Pueblo,"Av. Central 3408, Huancayo",973800878,boticadelpueblo@gmail.com
20000091,Farmacia Paz,Farmacia Paz,"Av. Principal 636, Arequipa",951058668,
20000092,Botica Éxito,Botica Éxito,,931274304,boticaéxito@gmail.com
20000093,Farmacia Esperanza,Farmacia Esperanza,"Av. Principal 4038, Huancayo",937536586,
20000094,BOTICA SEGURA,BOTICA SEGURA,"Av. Comercial 3989, Cusco",913592258,
20000095,  DROGUERÍA EXPRESS,  DROGUERÍA EXPRESS,"Av. Comercial 4115, Cusco",939076132,  DROGUERÍA EXPRESS@GMAIL.COM
20000096,  Farmacia Fuerza,  Farmacia Fuerza,"Av. Comercial 5026, Ayacucho",923049969,farmaciafuerza@hotmail.com
20000097,Farmacia Amistad,FARMACIA AMISTAD,"Av. Principal 4618, Ayacucho",973915401,farmacia_amistad@outlook.com  
20000098,  Droguería   Completa,Droguería   Completa,"Av. Central 1277, Lima",930291950,droguería...completa@yahoo.com
20000099,Droguería Especial,DROGUERÍA ESPECIAL,"Av. Principal 6670, Arequipa",953853861,
20000100,BOTICA SEGURA,BOTICA SEGURA,"Av. Comercial 7465, Lima",972288663,BOTICA SEGURA@GMAIL.COM
20000101,  Droguería Fiel,  DROGUERÍA FIEL,"Av. Comercial 3245, Trujillo",998281500,
20000102,Droguería Premium,Droguería Premium,,933272677,DROGUERÍA PREMIUM@GMAIL.COM
20000103,Drogueríamoderna,DROGUERÍAMODERNA,"Av. Comercial 5492, Cusco",994599590,drogueríamoderna@yahoo.com
20000104,FARMACIA DEL DOCTOR,FARMACIA DEL DOCTOR,"Av. Principal 5405, Cusco",995819187,farmacia.del.doctor@yahoo.com
20000105,Farmacia Honor,Farmacia Honor,"Av. Central 6213, Huancayo",955968827,farmacia_honor@outlook.com  
20000106,Droguería Integral,Droguería Integral,"Av. Central 3758, Pucallpa",999875040,droguería.integral@yahoo.com
20000107,Droguería Integral,DROGUERÍA INTEGRAL,"Av. Principal 5808, Pucallpa",912481855,DROGUERÍA INTEGRAL@GMAIL.COM
20000108,BOTICA FELIZ,BOTICA FELIZ,"Av. Central 3117, Lima",944166221,
20000109,Botica Perfecta,BOTICA PERFECTA,"Av. Principal 2930, Trujillo",924470676,BOTICA PERFECTA@GMAIL.COM
20000110,Farmacia Salud Total,FARMACIA SALUD TOTAL,"Av. Comercial 8735, Iquitos",973198988,
20000111,Botica Éxito,BOTICA ÉXITO,"Av. Central 8033, Arequipa",982024173,
20000112,Droguería Premium,DROGUERÍA PREMIUM,"Av. Comercial 2295, Lima",955034227,
20000113,Farmacia Honor,FARMACIA HONOR,"Av. Central 4305, Pucallpa",945062855,
20000114,Droguería Especial,Droguería Especial,"Av. Comercial 5049, Ayacucho",976221309,droguería.especial@yahoo.com
20000115,botica generica,BOTICA GENERICA,"Av. Principal 3516, Lima",938055330,boticagenerica@hotmail.com
20000116,  Droguería Fiel,  Droguería Fiel,,983378164,
20000117,Botica Cruz Azul,BOTICA CRUZ AZUL,"Av. Principal 8135, Cusco",939865072,boticacruzazul@hotmail.com
20000118,botica VALOR,BOTICA VALOR,"Av. Central 395, Pucallpa",926450855,botica_valor@outlook.com  
20000119,Farmacia Nueva,Farmacia Nueva,"Av. Central 9387, Ayacucho",,farmacia.nueva@yahoo.com
20000120,  Farmacia Fuerza,  FARMACIA FUERZA,"Av. Comercial 965, Trujillo",966302896,..farmacia.fuerza@yahoo.com
20000121,Droguería Exacta,DROGUERÍA EXACTA,"Av. Principal 5251, Ayacucho",932621064,
20000122,FARMACIA SANTA ROSA,FARMACIA SANTA ROSA,"Av. Comercial 6269, Arequipa",967624636,farmacia.santa.rosa@yahoo.com
20000123,  DROGUERÍA EXPRESS,  DROGUERÍA EXPRESS,"Av. Comercial 4065, Arequipa",967996966,
20000124,  Farmacia  Confianza,Farmacia  Confianza,"Av. Comercial 7775, Huancayo",927546114,
20000125,Botica del Centro,Botica del Centro,"Av. Comercial 8718, Cusco",963167602,botica_del_centro@outlook.com  
20000126,Farmacia Popular,FARMACIA POPULAR,"Av. Principal 667, Pucallpa",921616774,
20000127,Farmacia Rápida,Farmacia Rápida,"Av. Central 4501, Lima",927604647,
20000128,  Farmacia Popular,FARMACIA POPULAR,"Av. Comercial 6856, Arequipa",940286420,farmacia.popular@yahoo.com
20000129,FARMACIA DEL DOCTOR,FARMACIA DEL DOCTOR,"Av. Principal 4045, Arequipa",,farmacia.del.doctor@yahoo.com
20000130,FARMACIA PROFESIONAL,FARMACIA PROFESIONAL,"Av. Central 6622, Pucallpa",976911087,farmacia.profesional@yahoo.com
20000131,botica generica,botica generica,"Av. Comercial 2074, Iquitos",931297983,
20000132,Farmacia  UNIVERSAL,FARMACIA  UNIVERSAL,"Av. Principal 2719, Iquitos",986576001,farmacia..universal@yahoo.com
20000133,  Farmacia Fuerza,  FARMACIA FUERZA,"Av. Central 4643, Arequipa",955771784,farmaciafuerza@hotmail.com
20000134,Farmacia Vida Sana,FARMACIA VIDA SANA,"Av. Central 8929, Pucallpa",992354316,FARMACIA VIDA SANA@GMAIL.COM
20000135,  DROGUERÍA EXPRESS,  DROGUERÍA EXPRESS,"Av. Comercial 5393, Huancayo",980187389,  DROGUERÍA EXPRESS@GMAIL.COM
20000136,Farmacia Amistad,FARMACIA AMISTAD,"Av. Principal 5516, Huancayo",970580474,farmaciaamistad@gmail.com
20000137,BOTICA FELIZ,BOTICA FELIZ,"Av. Principal 5899, Iquitos",997538298,BOTICA FELIZ@GMAIL.COM
20000138,Farmacia Paz,FARMACIA PAZ,"Av. Central 6520, Iquitos",996842630,farmaciapaz@hotmail.com
20000139,BOTICA SEGURA,BOTICA SEGURA,"Av. Comercial 299, Arequipa",995267937,botica.segura@yahoo.com
20000140,botica generica,botica generica,"Av. Principal 4473, Cusco",969262235,boticagenerica@gmail.com
20000141,BOTICA SEGURA,BOTICA SEGURA,"Av. Principal 5202, Pucallpa",,boticasegura@hotmail.com
20000142,botica EXCELENCIA,botica EXCELENCIA,,914668572,botica_excelencia@outlook.com  
20000143,Droguería Premium,Droguería Premium,"Av. Central 8365, Lima",955200298,drogueríapremium@hotmail.com
20000144,botica generica,botica generica,"Av. Central 1613, Trujillo",979494832,
20000145,Farmacia Vida Sana,FARMACIA VIDA SANA,"Av. Principal 8466, Ayacucho",949617186,FARMACIA VIDA SANA@GMAIL.COM
20000146,Farmacia Siempre,FARMACIA SIEMPRE,"Av. Comercial 4284, Cusco",970435335,farmacia_siempre@outlook.com  
20000147,Botica Cruz Azul,BOTICA CRUZ AZUL,"Av. Principal 3501, Arequipa",928844479,BOTICA CRUZ AZUL@GMAIL.COM
20000148,Droguería Buena,DROGUERÍA BUENA,"Av. Comercial 5876, Lima",912879317,drogueríabuena@hotmail.com
20000149,  Botica Bella,Botica Bella,"Av. Comercial 8329, Trujillo",915915173,
20000150,Farmacia  Noble,FARMACIA  NOBLE,"Av. Comercial 6645, Pucallpa",979455015,farmacianoble@gmail.com
20000151,Farmacia Salud Total,Farmacia Salud Total,"Av. Comercial 7681, Pucallpa",955434993,FARMACIA SALUD TOTAL@GMAIL.COM
20000152,  Droguería Fiel,  DROGUERÍA FIEL,"Av. Principal 3775, Iquitos",915211270,drogueríafiel@hotmail.com
20000153,  DROGUERÍA EXPRESS,  DROGUERÍA EXPRESS,"Av. Central 4602, Cusco",969545581,
20000154,  DROGUERÍA EXPRESS,  DROGUERÍA EXPRESS,"Av. Principal 459, Huancayo",,
20000155,Farmacia el Milagro,FARMACIA EL MILAGRO,"Av. Comercial 313, Lima",926338010,FARMACIA EL MILAGRO@GMAIL.COM
20000156,Farmacia  UNIVERSAL,Farmacia  UNIVERSAL,"Av. Principal 8342, Cusco",996107986,farmacia..universal@yahoo.com
20000157,botica central,BOTICA CENTRAL,"Av. Central 9590, Pucallpa",965457993,
20000158,  DROGUERÍA EXPRESS,  DROGUERÍA EXPRESS,"Av. Comercial 1313, Arequipa",,..droguería.express@yahoo.com
20000159,BOTICA FELIZ,BOTICA FELIZ,"Av. Central 791, Huancayo",971560051,
20000160,Farmacia  Confianza,FARMACIA  CONFIANZA,"Av. Central 4004, Trujillo",914390957,
20000161,Farmacia Paz,Farmacia Paz,"Av. Central 1107, Lima",,
20000162,Droguería Integral,DROGUERÍA INTEGRAL,"Av. Central 4905, Trujillo",969882383,
20000163,botica generica,botica generica,"Av. Comercial 5846, Iquitos",,botica_generica@outlook.com  
20000164,Farmacia  Noble,FARMACIA  NOBLE,"Av. Central 6581, Pucallpa",921357806,
20000165,Botica Calidad,BOTICA CALIDAD,"Av. Central 4297, Lima",948578970,
20000166,Farmacia Salud Total,FARMACIA SALUD TOTAL,"Av. Principal 568, Iquitos",918192015,farmacia.salud.total@yahoo.com
20000167,  DROGUERÍA EXPRESS,  DROGUERÍA EXPRESS,,961504171,__droguería_express@outlook.com  
20000168,  Farmacia Salud Total,FARMACIA SALUD TOTAL,"Av. Comercial 6584, Huancayo",968403947,farmaciasaludtotal@hotmail.com
20000169,Farmacia Amistad,FARMACIA AMISTAD,"Av. Comercial 5331, Arequipa",951421661,farmacia_amistad@outlook.com  
20000170,DROGUERÍA HERMOSA,DROGUERÍA HERMOSA,"Av. Principal 2874, Cusco",936515081,
20000171,  DROGUERÍA EXPRESS,  DROGUERÍA EXPRESS,,990969482,  DROGUERÍA EXPRESS@GMAIL.COM
20000172,FARMACIA PROFESIONAL,FARMACIA PROFESIONAL,"Av. Central 1015, Huancayo",922263382,farmacia.profesional@yahoo.com
20000173,botica generica,botica generica,"Av. Comercial 981, Iquitos",936336031,
20000174,Farmacia Nueva,Farmacia Nueva,,977014258,farmacianueva@gmail.com
20000175,Farmacia Honor,FARMACIA HONOR,"Av. Comercial 2517, Pucallpa",977395525,
20000176,  Farmacia San Juan,  FARMACIA SAN JUAN,,976704662,
20000177,Farmacia Rápida,Farmacia Rápida,"Av. Comercial 8347, Lima",988343353,FARMACIA RÁPIDA@GMAIL.COM
20000178,botica generica,botica generica,"Av. Principal 6261, Arequipa",950492044,botica.generica@yahoo.com
20000179,Botica Éxito,BOTICA ÉXITO,"Av. Comercial 6652, Pucallpa",918918731,boticaéxito@gmail.com
20000180,Farmacia  UNIVERSAL,FARMACIA  UNIVERSAL,"Av. Central 5072, Iquitos",965240510,farmacia__universal@outlook.com  
20000181,Farmacia  Confianza,FARMACIA  CONFIANZA,"Av. Principal 6952, Iquitos",964491853,FARMACIA  CONFIANZA@GMAIL.COM
20000182,Botica del Centro,BOTICA DEL CENTRO,"Av. Comercial 7563, Trujillo",949418359,botica.del.centro@yahoo.com
20000183,Farmacia  UNIVERSAL,FARMACIA  UNIVERSAL,"Av. Principal 3230, Ayacucho",951260841,
20000184,BOTICA MATRIZ,BOTICA MATRIZ,"Av. Principal 7408, Trujillo",948728915,botica_matriz@outlook.com  
20000185,  Farmacia  Noble,Farmacia  Noble,"Av. Comercial 128, Lima",996807164,farmacia__noble@outlook.com  
20000186,botica central,botica central,"Av. Principal 1719, Ayacucho",,botica.central@yahoo.com
20000187,Farmacia  Noble,Farmacia  Noble,,,
20000188,Botica Cruz Azul,BOTICA CRUZ AZUL,"Av. Comercial 5105, Iquitos",981594761,botica.cruz.azul@yahoo.com
20000189,Farmacia Siempre,Farmacia Siempre,"Av. Comercial 2576, Iquitos",948803670,farmacia_siempre@outlook.com  
20000190,Drogueríamoderna,Drogueríamoderna,"Av. Central 9409, Ayacucho",942872543,
20000191,Droguería Especial,DROGUERÍA ESPECIAL,"Av. Comercial 1157, Lima",952896809,droguería.especial@yahoo.com
20000192,botica generica,BOTICA GENERICA,"Av. Principal 4208, Trujillo",945332643,boticagenerica@hotmail.com
20000193,Farmacia Amistad,FARMACIA AMISTAD,"Av. Central 4473, Arequipa",951876739,farmacia_amistad@outlook.com  
20000194,Droguería  Los Andes,Droguería  Los Andes,,944022384,droguería__los_andes@outlook.com  
20000195,Farmacia Siempre,FARMACIA SIEMPRE,"Av. Principal 9983, Arequipa",951964927,farmacia_siempre@outlook.com  
20000196,  Farmacia San Juan,  Farmacia San Juan,"Av. Central 9747, Huancayo",961113010,
20000197,  Farmacia Fuerza,  FARMACIA FUERZA,"Av. Central 3011, Arequipa",995456288,__farmacia_fuerza@outlook.com  
20000198,droguería moderna,DROGUERÍA MODERNA,"Av. Comercial 8510, Ayacucho",957113358,
20000199,Farmacia Vida Sana,FARMACIA VIDA SANA,"Av. Central 748, Lima",919196347,
20000200,botica EXCELENCIA,botica EXCELENCIA,"Av. Central 2359, Iquitos",911427365,boticaexcelencia@gmail.com
20000201,botica VALOR,BOTICA VALOR,"Av. Principal 3629, Ayacucho",960015987,boticavalor@gmail.com
20000202,Droguería Integral,DROGUERÍA INTEGRAL,"Av. Comercial 8584, Huancayo",920128946,drogueríaintegral@gmail.com
20000203,Droguería Buena,DROGUERÍA BUENA,"Av. Comercial 7219, Iquitos",950078687,
20000204,botica VALOR,BOTICA VALOR,"Av. Central 1738, Iquitos",978184673,
20000205,droguería moderna,DROGUERÍA MODERNA,"Av. Comercial 7382, Ayacucho",993236698,droguería.moderna@yahoo.com
20000206,Botica Cruz Azul,Botica Cruz Azul,"Av. Principal 194, Iquitos",918994968,boticacruzazul@hotmail.com
20000207,BOTICA SEGURA,BOTICA SEGURA,"Av. Central 1462, Trujillo",936582536,
20000208,Farmacia  UNIVERSAL,FARMACIA  UNIVERSAL,"Av. Principal 3786, Huancayo",986384382,farmacia__universal@outlook.com  
20000209,  Botica Elegancia,  Botica Elegancia,"Av. Comercial 7400, Iquitos",985654476,boticaelegancia@hotmail.com
20000210,droguería moderna,DROGUERÍA MODERNA,"Av. Central 1324, Huancayo",997899607,droguería.moderna@yahoo.com
20000211,Droguería Buena,DROGUERÍA BUENA,"Av. Comercial 1671, Cusco",963136737,droguería_buena@outlook.com  
20000212,Farmacia  Noble,Farmacia  Noble,"Av. Comercial 1415, Cusco",935387938,farmacia..noble@yahoo.com
20000213,Farmacia Oferta,Farmacia Oferta,"Av. Comercial 8245, Ayacucho",,FARMACIA OFERTA@GMAIL.COM
20000214,Droguería Especial,Droguería Especial,"Av. Comercial 1489, Ayacucho",978730558,DROGUERÍA ESPECIAL@GMAIL.COM
20000215,FARMACIA SANTA ROSA,FARMACIA SANTA ROSA,"Av. Comercial 8317, Ayacucho",978091036,FARMACIA SANTA ROSA@GMAIL.COM
20000216,Botica Calidad,BOTICA CALIDAD,"Av. Principal 2959, Iquitos",993715593,BOTICA CALIDAD@GMAIL.COM
20000217,BOTICA SEGURA,BOTICA SEGURA,"Av. Central 1369, Cusco",940491480,botica_segura@outlook.com  
20000218,Droguería Exacta,Droguería Exacta,"Av. Comercial 2995, Pucallpa",917819095,
20000219,BOTICA VIRTUD,BOTICA VIRTUD,"Av. Principal 1485, Arequipa",914873587,botica_virtud@outlook.com  
20000220,  BOTICA VIRTUD,BOTICA VIRTUD,"Av. Comercial 9418, Pucallpa",994637835,botica_virtud@outlook.com  
20000221,  Drogueríamoderna,Drogueríamoderna,"Av. Central 6937, Pucallpa",976735938,drogueríamoderna@gmail.com
20000222,Drogueríamoderna,DROGUERÍAMODERNA,"Av. Comercial 9150, Ayacucho",,drogueríamoderna@hotmail.com
20000223,BOTICA MATRIZ,BOTICA MATRIZ,"Av. Comercial 9276, Lima",925121641,
20000224,FARMACIA DEL DOCTOR,FARMACIA DEL DOCTOR,"Av. Principal 3535, Iquitos",930112141,
20000225,Droguería  Los Andes,DROGUERÍA  LOS ANDES,"Av. Central 6450, Pucallpa",,
20000226,DROGUERÍA HERMOSA,DROGUERÍA HERMOSA,,927117464,drogueríahermosa@hotmail.com
20000227,  botica EXCELENCIA,BOTICA EXCELENCIA,"Av. Central 4691, Cusco",945823890,boticaexcelencia@gmail.com
20000228,BOTICA SEGURA,BOTICA SEGURA,"Av. Comercial 4432, Iquitos",988028001,
20000229,  Botica Elegancia,  BOTICA ELEGANCIA,"Av. Principal 4046, Pucallpa",917458346,
20000230,  DROGUERÍA EXPRESS,  DROGUERÍA EXPRESS,"Av. Central 8001, Huancayo",949523089,..droguería.express@yahoo.com
20000231,  Farmacia Fuerza,  FARMACIA FUERZA,,937966909,  FARMACIA FUERZA@GMAIL.COM
20000232,  Farmacia Salud Total,FARMACIA SALUD TOTAL,,929200381,farmacia_salud_total@outlook.com  
20000233,Farmacia  Noble,Farmacia  Noble,"Av. Principal 3174, Cusco",917451356,
20000234,FARMACIA PROFESIONAL,FARMACIA PROFESIONAL,"Av. Principal 9651, Ayacucho",,
20000235,Droguería  Los Andes,DROGUERÍA  LOS ANDES,"Av. Principal 6900, Pucallpa",963944196,drogueríalosandes@hotmail.com
20000236,  DROGUERÍA EXPRESS,  DROGUERÍA EXPRESS,"Av. Principal 3305, Arequipa",965398496,  DROGUERÍA EXPRESS@GMAIL.COM
20000237,Botica del Centro,Botica del Centro,"Av. Central 1564, Cusco",956287986,boticadelcentro@hotmail.com
20000238,botica generica,BOTICA GENERICA,"Av. Comercial 5622, Lima",965632223,
20000239,Droguería Integral,DROGUERÍA INTEGRAL,"Av. Principal 2896, Arequipa",990163727,drogueríaintegral@gmail.com
20000240,Farmacia Honor,FARMACIA HONOR,"Av. Principal 6578, Pucallpa",914138026,
20000241,FARMACIA DEL DOCTOR,FARMACIA DEL DOCTOR,,978258705,farmaciadeldoctor@hotmail.com
20000242,Farmacia Salud Total,FARMACIA SALUD TOTAL,,911396963,farmacia.salud.total@yahoo.com
20000243,FARMACIA PROFESIONAL,FARMACIA PROFESIONAL,"Av. Comercial 5099, Iquitos",930291578,farmacia.profesional@yahoo.com
20000244,BOTICA VIRTUD,BOTICA VIRTUD,"Av. Central 3010, Cusco",970403659,
20000245,Farmacia  Noble,FARMACIA  NOBLE,"Av. Central 5902, Huancayo",964353656,farmacianoble@hotmail.com
20000246,botica EXCELENCIA,botica EXCELENCIA,"Av. Comercial 2063, Pucallpa",974276486,botica.excelencia@yahoo.com
20000247,  DROGUERÍA EXPRESS,  DROGUERÍA EXPRESS,"Av. Comercial 6561, Ayacucho",943471662,
20000248,FARMACIA DEL DOCTOR,FARMACIA DEL DOCTOR,"Av. Central 9995, Pucallpa",981947689,FARMACIA DEL DOCTOR@GMAIL.COM
20000249,botica EXCELENCIA,BOTICA EXCELENCIA,"Av. Principal 548, Arequipa",915736370,boticaexcelencia@hotmail.com
20000250,  Botica Elegancia,  BOTICA ELEGANCIA,"Av. Central 9552, Cusco",982579455,
20000251,  DROGUERÍA EXPRESS,  DROGUERÍA EXPRESS,"Av. Central 718, Arequipa",996842614,drogueríaexpress@gmail.com
20000252,Droguería Exacta,DROGUERÍA EXACTA,"Av. Principal 9027, Cusco",935970646,drogueríaexacta@hotmail.com
20000253,Farmacia  Noble,FARMACIA  NOBLE,"Av. Central 7889, Trujillo",921308987,FARMACIA  NOBLE@GMAIL.COM
20000254,botica VALOR,BOTICA VALOR,"Av. Central 3535, Cusco",920169077,boticavalor@hotmail.com
20000255,  DROGUERÍA EXPRESS,  DROGUERÍA EXPRESS,"Av. Central 6281, Lima",930697903,__droguería_express@outlook.com  
20000256,Botica  San Pedro,BOTICA  SAN PEDRO,,984831278,
20000257,  Droguería Fiel,  DROGUERÍA FIEL,"Av. Comercial 3353, Pucallpa",916688949,drogueríafiel@gmail.com
20000258,Droguería Exacta,DROGUERÍA EXACTA,"Av. Comercial 1584, Trujillo",970675635,DROGUERÍA EXACTA@GMAIL.COM
20000259,  Botica Elegancia,  BOTICA ELEGANCIA,"Av. Comercial 7073, Iquitos",997071630,
20000260,botica VALOR,BOTICA VALOR,"Av. Principal 9031, Arequipa",925826660,
20000261,Droguería Integral,Droguería Integral,"Av. Comercial 6350, Trujillo",973148851,
20000262,Farmacia Paz,Farmacia Paz,,952962070,farmaciapaz@hotmail.com
20000263,BOTICA VIRTUD,BOTICA VIRTUD,"Av. Comercial 4171, Trujillo",973467317,BOTICA VIRTUD@GMAIL.COM
20000264,  Droguería Fiel,  DROGUERÍA FIEL,,990187171,
20000265,Farmacia Corazón,FARMACIA CORAZÓN,"Av. Comercial 1419, Iquitos",995179636,FARMACIA CORAZÓN@GMAIL.COM
20000266,Botica Bella,Botica Bella,"Av. Central 8037, Iquitos",956638919,
20000267,Farmacia Oferta,FARMACIA OFERTA,"Av. Principal 5418, Ayacucho",962946924,farmaciaoferta@gmail.com
20000268,Farmacia Corazón,Farmacia Corazón,"Av. Central 6093, Lima",936234511,farmaciacorazón@hotmail.com
20000269,Botica Éxito,BOTICA ÉXITO,"Av. Central 9695, Ayacucho",999330593,BOTICA ÉXITO@GMAIL.COM
20000270,Droguería Especial,Droguería Especial,"Av. Central 8187, Trujillo",934547740,
20000271,FARMACIA DEL DOCTOR,FARMACIA DEL DOCTOR,"Av. Central 2317, Iquitos",921561841,farmacia.del.doctor@yahoo.com
20000272,FARMACIA SANTA ROSA,FARMACIA SANTA ROSA,"Av. Principal 5025, Pucallpa",911874285,
20000273,  FARMACIA PROFESIONAL,FARMACIA PROFESIONAL,"Av. Principal 3693, Huancayo",,farmaciaprofesional@gmail.com
20000274,Farmacia  Global,FARMACIA  GLOBAL,"Av. Comercial 8332, Lima",962211018,farmaciaglobal@gmail.com
20000275,FARMACIA SANTA ROSA,FARMACIA SANTA ROSA,,987071724,farmacia.santa.rosa@yahoo.com
20000276,botica VALOR,BOTICA VALOR,,,
20000277,FARMACIA SANTA ROSA,FARMACIA SANTA ROSA,"Av. Comercial 4458, Iquitos",981236829,farmacia_santa_rosa@outlook.com  
20000278,Farmacia Popular,FARMACIA POPULAR,"Av. Comercial 4520, Cusco",953373084,farmaciapopular@hotmail.com
20000279,Farmacia el Milagro,FARMACIA EL MILAGRO,"Av. Principal 9585, Iquitos",,
20000280,BOTICA VIRTUD,BOTICA VIRTUD,"Av. Central 247, Huancayo",931473341,boticavirtud@hotmail.com
20000281,BOTICA FELIZ,BOTICA FELIZ,"Av. Central 1745, Iquitos",958644012,
20000282,BOTICA FELIZ,BOTICA FELIZ,"Av. Comercial 1385, Trujillo",939736725,
20000283,Farmacia Paz,FARMACIA PAZ,"Av. Principal 1993, Lima",953153055,
20000284,FARMACIA SANTA ROSA,FARMACIA SANTA ROSA,,940694918,farmacia.santa.rosa@yahoo.com
20000285,Farmacia  UNIVERSAL,Farmacia  UNIVERSAL,"Av. Central 8220, Arequipa",943613939,
20000286,BOTICA FELIZ,BOTICA FELIZ,"Av. Central 8047, Huancayo",965819127,
20000287,  Botica Elegancia,  BOTICA ELEGANCIA,"Av. Comercial 1182, Huancayo",914406830,__botica_elegancia@outlook.com  
20000288,  Farmacia Fuerza,  Farmacia Fuerza,"Av. Principal 6496, Iquitos",977344245,
20000289,Botica Calidad,Botica Calidad,"Av. Principal 3380, Iquitos",,botica.calidad@yahoo.com
20000290,Botica  San Pedro,BOTICA  SAN PEDRO,"Av. Principal 4495, Trujillo",,botica..san.pedro@yahoo.com
20000291,  DROGUERÍA EXPRESS,  DROGUERÍA EXPRESS,"Av. Principal 6587, Iquitos",970080116,drogueríaexpress@gmail.com
20000292,  Farmacia Vida Sana,FARMACIA VIDA SANA,"Av. Central 3017, Pucallpa",961782235,
20000293,DROGUERÍA HERMOSA,DROGUERÍA HERMOSA,"Av. Principal 5384, Ayacucho",,DROGUERÍA HERMOSA@GMAIL.COM
20000294,  Botica Amiga,  BOTICA AMIGA,"Av. Comercial 7265, Pucallpa",980922390,
20000295,FARMACIA SANTA ROSA,FARMACIA SANTA ROSA,"Av. Comercial 2773, Pucallpa",918374234,
20000296,  Farmacia San Juan,  FARMACIA SAN JUAN,"Av. Comercial 8753, Trujillo",,  FARMACIA SAN JUAN@GMAIL.COM
20000297,  DROGUERÍA EXPRESS,  DROGUERÍA EXPRESS,"Av. Central 2276, Ayacucho",994294961,drogueríaexpress@gmail.com
20000298,Botica Éxito,Botica Éxito,"Av. Central 3656, Ayacucho",912211089,boticaéxito@hotmail.com
20000299,Droguería  Los Andes,DROGUERÍA  LOS ANDES,"Av. Comercial 8149, Iquitos",966961091,
20000300,  Farmacia Rápida,FARMACIA RÁPIDA,"Av. Principal 946, Iquitos",978060103,
20000301,  Botica Elegancia,  BOTICA ELEGANCIA,"Av. Central 999, Arequipa",917583968,
20000302,Farmacia  Noble,FARMACIA  NOBLE,"Av. Central 7302, Cusco",,FARMACIA  NOBLE@GMAIL.COM
20000303,Farmacia el Milagro,FARMACIA EL MILAGRO,"Av. Central 7726, Arequipa",956379051,farmacia.el.milagro@yahoo.com
20000304,Droguería Exacta,DROGUERÍA EXACTA,"Av. Central 4475, Trujillo",999246412,droguería.exacta@yahoo.com
20000305,Botica del Pueblo,BOTICA DEL PUEBLO,"Av. Comercial 2191, Pucallpa",,
20000306,Farmacia Honor,Farmacia Honor,"Av. Central 2418, Huancayo",921159774,
20000307,  Farmacia Esperanza,Farmacia Esperanza,"Av. Principal 9990, Iquitos",,farmaciaesperanza@gmail.com
20000308,Farmacia Siempre,FARMACIA SIEMPRE,"Av. Comercial 9036, Huancayo",933330842,
20000309,Farmacia Siempre,Farmacia Siempre,"Av. Principal 626, Iquitos",976554848,
20000310,Farmacia Vida Sana,FARMACIA VIDA SANA,"Av. Central 6645, Iquitos",914747545,
20000311,Farmacia Amistad,FARMACIA AMISTAD,"Av. Principal 8335, Lima",950735910,farmacia.amistad@yahoo.com
20000312,Botica Éxito,Botica Éxito,"Av. Central 9831, Arequipa",991049261,boticaéxito@gmail.com
20000313,Farmacia el Milagro,FARMACIA EL MILAGRO,"Av. Principal 7568, Huancayo",,
20000314,Droguería Integral,DROGUERÍA INTEGRAL,"Av. Comercial 2094, Ayacucho",970249897,DROGUERÍA INTEGRAL@GMAIL.COM
20000315,botica VALOR,botica VALOR,"Av. Principal 2698, Arequipa",954163776,boticavalor@hotmail.com
20000316,Botica del Pueblo,BOTICA DEL PUEBLO,"Av. Principal 978, Cusco",926750801,
20000317,botica central,BOTICA CENTRAL,"Av. Comercial 7022, Iquitos",964961293,botica.central@yahoo.com
20000318,Farmacia Nueva,FARMACIA NUEVA,"Av. Comercial 2955, Trujillo",979320206,farmacianueva@hotmail.com
20000319,  Farmacia Fuerza,  Farmacia Fuerza,"Av. Principal 8627, Huancayo",992932342,
20000320,Droguería Integral,DROGUERÍA INTEGRAL,,959244222,droguería.integral@yahoo.com
20000321,Farmacia  UNIVERSAL,Farmacia  UNIVERSAL,"Av. Principal 1907, Pucallpa",921857790,
20000322,  Farmacia San Juan,  FARMACIA SAN JUAN,,980429341,
20000323,Farmacia Popular,FARMACIA POPULAR,"Av. Central 5987, Iquitos",929156925,FARMACIA POPULAR@GMAIL.COM
20000324,botica central,BOTICA CENTRAL,"Av. Comercial 3265, Arequipa",997520099,boticacentral@gmail.com
20000325,Botica Perfecta,Botica Perfecta,"Av. Central 8148, Lima",939417866,boticaperfecta@hotmail.com
20000326,Farmacia Amistad,FARMACIA AMISTAD,"Av. Central 2268, Trujillo",990506592,
20000327,Farmacia Corazón,FARMACIA CORAZÓN,"Av. Central 6197, Cusco",931431891,farmaciacorazón@gmail.com
20000328,Farmacia Salud Total,FARMACIA SALUD TOTAL,"Av. Principal 4683, Huancayo",953606700,
20000329,botica VALOR,BOTICA VALOR,"Av. Central 6439, Huancayo",982286296,
20000330,FARMACIA SANTA ROSA,FARMACIA SANTA ROSA,"Av. Principal 8772, Pucallpa",966094341,farmaciasantarosa@gmail.com
20000331,Droguería Exacta,Droguería Exacta,"Av. Principal 244, Ayacucho",976534290,
20000332,Farmacia Siempre,FARMACIA SIEMPRE,"Av. Central 5894, Huancayo",973059128,FARMACIA SIEMPRE@GMAIL.COM
20000333,Farmacia  Confianza,Farmacia  Confianza,"Av. Comercial 9883, Huancayo",975622464,
20000334,Droguería Especial,DROGUERÍA ESPECIAL,"Av. Central 507, Huancayo",976692736,droguería_especial@outlook.com  
20000335,Farmacia Esperanza,FARMACIA ESPERANZA,"Av. Central 8671, Huancayo",980179684,farmacia_esperanza@outlook.com  
20000336,FARMACIA PROFESIONAL,FARMACIA PROFESIONAL,"Av. Comercial 6463, Cusco",997648335,farmaciaprofesional@hotmail.com
20000337,  DROGUERÍA EXPRESS,  DROGUERÍA EXPRESS,"Av. Central 3429, Lima",976517139,..droguería.express@yahoo.com
20000338,FARMACIA SANTA ROSA,FARMACIA SANTA ROSA,"Av. Comercial 8066, Cusco",963676127,FARMACIA SANTA ROSA@GMAIL.COM
20000339,Farmacia  Global,Farmacia  Global,"Av. Comercial 7645, Huancayo",983081380,farmacia..global@yahoo.com
20000340,Farmacia Rápida,FARMACIA RÁPIDA,"Av. Central 5033, Pucallpa",910997972,farmaciarápida@hotmail.com
20000341,BOTICA MATRIZ,BOTICA MATRIZ,"Av. Central 9917, Lima",981982155,boticamatriz@gmail.com
20000342,  Farmacia Paz,FARMACIA PAZ,"Av. Central 497, Cusco",937367766,
20000343,  botica generica,botica generica,"Av. Central 6657, Cusco",994393065,boticagenerica@hotmail.com
20000344,  Farmacia San Juan,  FARMACIA SAN JUAN,"Av. Comercial 6272, Arequipa",955508711,
20000345,BOTICA FELIZ,BOTICA FELIZ,"Av. Comercial 2124, Arequipa",954952174,botica_feliz@outlook.com  
20000346,Farmacia Siempre,Farmacia Siempre,"Av. Comercial 4148, Ayacucho",982795511,farmacia.siempre@yahoo.com
20000347,Farmacia  Noble,FARMACIA  NOBLE,"Av. Comercial 3658, Trujillo",942446996,farmacia..noble@yahoo.com
20000348,Farmacia Oferta,FARMACIA OFERTA,"Av. Comercial 6858, Pucallpa",919709644,
20000349,Farmacia Popular,FARMACIA POPULAR,"Av. Comercial 8346, Trujillo",973180350,farmaciapopular@gmail.com
20000350,BOTICA SEGURA,BOTICA SEGURA,"Av. Central 2501, Huancayo",915998678,botica_segura@outlook.com  
20000351,Farmacia Paz,FARMACIA PAZ,"Av. Central 7596, Arequipa",,farmacia_paz@outlook.com  
20000352,botica central,botica central,"Av. Comercial 8731, Iquitos",943281264,boticacentral@gmail.com
20000353,Droguería   Completa,Droguería   Completa,"Av. Principal 2243, Iquitos",952804789,drogueríacompleta@gmail.com
20000354,FARMACIA SANTA ROSA,FARMACIA SANTA ROSA,"Av. Central 2061, Arequipa",947290371,farmaciasantarosa@gmail.com
20000355,DROGUERÍA HERMOSA,DROGUERÍA HERMOSA,"Av. Principal 7914, Pucallpa",,DROGUERÍA HERMOSA@GMAIL.COM
20000356,Farmacia Honor,Farmacia Honor,"Av. Comercial 4461, Huancayo",991840784,
20000357,Droguería Premium,Droguería Premium,"Av. Central 1941, Arequipa",921881673,drogueríapremium@hotmail.com
20000358,  Droguería Fiel,  DROGUERÍA FIEL,"Av. Central 196, Pucallpa",997552507,drogueríafiel@hotmail.com
20000359,botica generica,botica generica,"Av. Comercial 794, Iquitos",957749283,boticagenerica@hotmail.com
20000360,Farmacia Honor,Farmacia Honor,"Av. Central 8997, Iquitos",997981896,
20000361,Farmacia Salud Total,FARMACIA SALUD TOTAL,"Av. Central 1973, Trujillo",976033432,
20000362,Farmacia  Confianza,FARMACIA  CONFIANZA,,991779078,
20000363,droguería moderna,DROGUERÍA MODERNA,"Av. Central 2400, Cusco",944987453,
20000364,Droguería  Los Andes,DROGUERÍA  LOS ANDES,"Av. Principal 5712, Ayacucho",,
20000365,  Botica Amiga,  BOTICA AMIGA,"Av. Principal 5887, Lima",947989891,boticaamiga@gmail.com
20000366,Farmacia Salud Total,FARMACIA SALUD TOTAL,"Av. Comercial 8513, Arequipa",943042929,
20000367,Botica  San Pedro,Botica  San Pedro,"Av. Principal 3422, Lima",922235433,
20000368,Farmacia Nueva,Farmacia Nueva,"Av. Central 4671, Huancayo",946278045,
20000369,  DROGUERÍA EXPRESS,  DROGUERÍA EXPRESS,"Av. Principal 1501, Iquitos",988819571,..droguería.express@yahoo.com
20000370,FARMACIA SANTA ROSA,FARMACIA SANTA ROSA,"Av. Central 5437, Pucallpa",,FARMACIA SANTA ROSA@GMAIL.COM
20000371,  DROGUERÍA EXPRESS,  DROGUERÍA EXPRESS,"Av. Comercial 7877, Cusco",921079360,
20000372,Droguería Especial,DROGUERÍA ESPECIAL,"Av. Central 9379, Lima",983339784,droguería_especial@outlook.com  
20000373,Farmacia Corazón,FARMACIA CORAZÓN,"Av. Principal 925, Cusco",994734011,farmaciacorazón@gmail.com
20000374,Farmacia Corazón,Farmacia Corazón,"Av. Central 3311, Cusco",928590444,farmaciacorazón@hotmail.com
20000375,Farmacia Rápida,FARMACIA RÁPIDA,"Av. Principal 6947, Trujillo",980283794,farmaciarápida@hotmail.com
20000376,Farmacia Nueva,FARMACIA NUEVA,"Av. Central 8517, Iquitos",942255433,farmacia_nueva@outlook.com  
20000377,droguería moderna,DROGUERÍA MODERNA,"Av. Comercial 9076, Cusco",962147324,DROGUERÍA MODERNA@GMAIL.COM
20000378,Farmacia Esperanza,FARMACIA ESPERANZA,,,
20000379,  DROGUERÍA EXPRESS,  DROGUERÍA EXPRESS,"Av. Central 4292, Pucallpa",988151951,
20000380,FARMACIA SANTA ROSA,FARMACIA SANTA ROSA,"Av. Principal 8034, Ayacucho",944628745,farmaciasantarosa@gmail.com
20000381,BOTICA VIRTUD,BOTICA VIRTUD,"Av. Central 8700, Ayacucho",990995463,botica.virtud@yahoo.com
20000382,  Farmacia San Juan,  FARMACIA SAN JUAN,,951018687,farmaciasanjuan@gmail.com
20000383,Botica Perfecta,Botica Perfecta,"Av. Central 2807, Huancayo",921405519,
20000384,BOTICA VIRTUD,BOTICA VIRTUD,"Av. Principal 9525, Pucallpa",996570339,
20000385,Farmacia Siempre,FARMACIA SIEMPRE,"Av. Principal 9171, Iquitos",946968820,
20000386,Botica del Centro,Botica del Centro,"Av. Principal 2439, Huancayo",923869326,botica.del.centro@yahoo.com
20000387,Droguería Premium,Droguería Premium,"Av. Comercial 1937, Lima",974113558,droguería.premium@yahoo.com
20000388,Farmacia Esperanza,FARMACIA ESPERANZA,"Av. Central 3903, Pucallpa",970534354,farmacia_esperanza@outlook.com  
20000389,Botica Éxito,BOTICA ÉXITO,"Av. Principal 4772, Iquitos",991439610,
20000390,Farmacia  Global,Farmacia  Global,"Av. Comercial 6398, Iquitos",946739850,farmaciaglobal@gmail.com
20000391,Botica del Centro,BOTICA DEL CENTRO,"Av. Comercial 377, Trujillo",986801306,
20000392,  Farmacia Fuerza,  FARMACIA FUERZA,"Av. Principal 1334, Cusco",985303976,
20000393,Farmacia  UNIVERSAL,FARMACIA  UNIVERSAL,"Av. Principal 7224, Trujillo",938782901,farmaciauniversal@gmail.com
20000394,  Farmacia Oferta,FARMACIA OFERTA,,942637259,
20000395,Botica Bella,BOTICA BELLA,"Av. Principal 2133, Arequipa",941764654,boticabella@hotmail.com
20000396,Farmacia  Confianza,FARMACIA  CONFIANZA,"Av. Principal 7145, Cusco",952804913,
20000397,Farmacia  Confianza,FARMACIA  CONFIANZA,"Av. Central 8109, Cusco",970178193,farmacia..confianza@yahoo.com
20000398,botica generica,BOTICA GENERICA,"Av. Principal 947, Iquitos",911220605,boticagenerica@gmail.com
20000399,  DROGUERÍA EXPRESS,  DROGUERÍA EXPRESS,"Av. Comercial 8524, Pucallpa",940333861,
20000400,FARMACIA PROFESIONAL,FARMACIA PROFESIONAL,"Av. Comercial 3341, Trujillo",,
20000401,Botica Perfecta,Botica Perfecta,"Av. Principal 9610, Iquitos",945920816,
20000402,Farmacia Vida Sana,FARMACIA VIDA SANA,"Av. Central 9915, Ayacucho",,farmacia_vida_sana@outlook.com  
20000403,Botica  San Pedro,BOTICA  SAN PEDRO,,999322120,
20000404,botica VALOR,BOTICA VALOR,"Av. Comercial 1324, Lima",945114195,
20000405,Farmacia  UNIVERSAL,FARMACIA  UNIVERSAL,"Av. Principal 9009, Iquitos",949942781,farmaciauniversal@hotmail.com
20000406,botica generica,BOTICA GENERICA,"Av. Central 3798, Lima",996058392,botica_generica@outlook.com  
20000407,  Farmacia Siempre,FARMACIA SIEMPRE,"Av. Comercial 6187, Arequipa",960280217,farmaciasiempre@gmail.com
20000408,Botica del Pueblo,Botica del Pueblo,"Av. Principal 7606, Lima",995174326,botica.del.pueblo@yahoo.com
20000409,Farmacia  Noble,FARMACIA  NOBLE,"Av. Comercial 2260, Lima",966963579,FARMACIA  NOBLE@GMAIL.COM
20000410,botica VALOR,botica VALOR,"Av. Central 9320, Iquitos",958708607,boticavalor@gmail.com
20000411,FARMACIA DEL DOCTOR,FARMACIA DEL DOCTOR,,937878217,FARMACIA DEL DOCTOR@GMAIL.COM
20000412,  DROGUERÍA EXPRESS,  DROGUERÍA EXPRESS,"Av. Principal 3632, Huancayo",992056095,
20000413,Droguería   Completa,DROGUERÍA   COMPLETA,,970711364,
20000414,  Botica Elegancia,  Botica Elegancia,"Av. Comercial 3621, Pucallpa",962722914,__botica_elegancia@outlook.com  
20000415,Farmacia Rápida,FARMACIA RÁPIDA,"Av. Central 9803, Pucallpa",956569286,
20000416,Botica del Centro,BOTICA DEL CENTRO,"Av. Comercial 4956, Ayacucho",938245540,boticadelcentro@hotmail.com
20000417,FARMACIA SANTA ROSA,FARMACIA SANTA ROSA,"Av. Comercial 9716, Trujillo",986411098,
20000418,Farmacia Amistad,FARMACIA AMISTAD,"Av. Central 2928, Ayacucho",997318896,
20000419,Droguería Buena,DROGUERÍA BUENA,"Av. Comercial 973, Trujillo",,droguería.buena@yahoo.com
20000420,Farmacia Oferta,FARMACIA OFERTA,"Av. Principal 9227, Ayacucho",917866467,farmacia_oferta@outlook.com  
20000421,FARMACIA DEL DOCTOR,FARMACIA DEL DOCTOR,"Av. Principal 3198, Pucallpa",,farmaciadeldoctor@hotmail.com
20000422,  Botica del Pueblo,Botica del Pueblo,"Av. Central 6797, Ayacucho",934286707,boticadelpueblo@hotmail.com
20000423,Botica  San Pedro,BOTICA  SAN PEDRO,"Av. Comercial 8538, Ayacucho",974453447,
20000424,  DROGUERÍA EXPRESS,  DROGUERÍA EXPRESS,"Av. Comercial 7144, Pucallpa",913161938,
20000425,Farmacia Honor,Farmacia Honor,"Av. Comercial 9519, Iquitos",963074190,farmacia.honor@yahoo.com
20000426,BOTICA VIRTUD,BOTICA VIRTUD,"Av. Principal 7071, Lima",919155997,botica.virtud@yahoo.com
20000427,Botica Éxito,Botica Éxito,,978343493,
20000428,Farmacia  Confianza,FARMACIA  CONFIANZA,"Av. Central 566, Pucallpa",976440544,
20000429,  DROGUERÍA EXPRESS,  DROGUERÍA EXPRESS,"Av. Comercial 4120, Ayacucho",975831273,drogueríaexpress@hotmail.com
20000430,  Botica Elegancia,  BOTICA ELEGANCIA,"Av. Central 8914, Cusco",965877244,  BOTICA ELEGANCIA@GMAIL.COM
20000431,Farmacia  Noble,FARMACIA  NOBLE,"Av. Comercial 259, Ayacucho",956250028,
20000432,Farmacia  Confianza,FARMACIA  CONFIANZA,"Av. Principal 8426, Lima",921057009,farmacia__confianza@outlook.com  
20000433,Farmacia  Confianza,FARMACIA  CONFIANZA,,991619709,farmacia__confianza@outlook.com  
20000434,Droguería Buena,DROGUERÍA BUENA,"Av. Comercial 4980, Pucallpa",922020141,droguería.buena@yahoo.com
20000435,Farmacia Salud Total,FARMACIA SALUD TOTAL,"Av. Principal 5706, Arequipa",926527291,farmaciasaludtotal@gmail.com
20000436,BOTICA SEGURA,BOTICA SEGURA,"Av. Comercial 6829, Cusco",967655957,botica.segura@yahoo.com
20000437,BOTICA VIRTUD,BOTICA VIRTUD,"Av. Principal 8105, Ayacucho",954830214,boticavirtud@hotmail.com
20000438,  Botica Amiga,  BOTICA AMIGA,"Av. Comercial 4384, Arequipa",966956721,  BOTICA AMIGA@GMAIL.COM
20000439,Droguería Premium,DROGUERÍA PREMIUM,"Av. Principal 4154, Iquitos",951752359,
20000440,Farmacia Salud Total,FARMACIA SALUD TOTAL,"Av. Comercial 8951, Trujillo",942099847,
20000441,Botica Perfecta,BOTICA PERFECTA,"Av. Comercial 3153, Trujillo",922099270,boticaperfecta@hotmail.com
20000442,Droguería  Los Andes,Droguería  Los Andes,"Av. Comercial 4627, Lima",985192086,drogueríalosandes@gmail.com
20000443,Droguería Buena,DROGUERÍA BUENA,"Av. Principal 6836, Ayacucho",991139387,drogueríabuena@hotmail.com
20000444,FARMACIA SANTA ROSA,FARMACIA SANTA ROSA,"Av. Principal 9752, Arequipa",,farmaciasantarosa@gmail.com
20000445,Droguería Buena,DROGUERÍA BUENA,"Av. Comercial 1357, Iquitos",922137275,DROGUERÍA BUENA@GMAIL.COM
20000446,Farmacia Paz,FARMACIA PAZ,"Av. Comercial 1399, Lima",972456661,
20000447,Botica  San Pedro,BOTICA  SAN PEDRO,"Av. Central 951, Ayacucho",962937813,botica..san.pedro@yahoo.com
20000448,  DROGUERÍA EXPRESS,  DROGUERÍA EXPRESS,"Av. Central 3527, Iquitos",920561856,drogueríaexpress@hotmail.com
20000449,Droguería Especial,DROGUERÍA ESPECIAL,,970628011,
20000450,Droguería Integral,DROGUERÍA INTEGRAL,"Av. Comercial 1764, Cusco",960903600,
20000451,FARMACIA SANTA ROSA,FARMACIA SANTA ROSA,"Av. Central 9297, Cusco",972785033,farmacia.santa.rosa@yahoo.com
20000452,FARMACIA SANTA ROSA,FARMACIA SANTA ROSA,"Av. Comercial 8180, Trujillo",,
20000453,Droguería  Los Andes,DROGUERÍA  LOS ANDES,"Av. Principal 5974, Trujillo",967582653,
20000454,Farmacia Popular,FARMACIA POPULAR,"Av. Central 5176, Pucallpa",945669586,
20000455,Farmacia Siempre,FARMACIA SIEMPRE,,929412315,farmacia.siempre@yahoo.com
20000456,Farmacia  Noble,Farmacia  Noble,"Av. Comercial 6433, Huancayo",,FARMACIA  NOBLE@GMAIL.COM
20000457,Droguería   Completa,Droguería   Completa,,999609946,drogueríacompleta@gmail.com
20000458,FARMACIA SANTA ROSA,FARMACIA SANTA ROSA,"Av. Principal 8269, Pucallpa",917457026,
20000459,  Farmacia San Juan,  FARMACIA SAN JUAN,"Av. Comercial 9608, Cusco",959430599,
20000460,Botica Éxito,Botica Éxito,"Av. Comercial 9061, Trujillo",931664327,
20000461,Farmacia Oferta,FARMACIA OFERTA,"Av. Principal 8672, Arequipa",927782679,
20000462,FARMACIA DEL DOCTOR,FARMACIA DEL DOCTOR,"Av. Comercial 2985, Huancayo",934653461,farmaciadeldoctor@gmail.com
20000463,  Botica Amiga,  BOTICA AMIGA,"Av. Principal 8264, Pucallpa",931140329,
20000464,BOTICA SEGURA,BOTICA SEGURA,"Av. Comercial 5074, Iquitos",920848448,
20000465,Farmacia el Milagro,FARMACIA EL MILAGRO,"Av. Comercial 4870, Pucallpa",953963604,FARMACIA EL MILAGRO@GMAIL.COM
20000466,Farmacia Corazón,FARMACIA CORAZÓN,"Av. Comercial 268, Pucallpa",943422691,
20000467,  Botica Elegancia,  BOTICA ELEGANCIA,"Av. Central 5880, Trujillo",,
20000468,Drogueríamoderna,DROGUERÍAMODERNA,"Av. Comercial 4169, Iquitos",933010067,drogueríamoderna@yahoo.com
20000469,  DROGUERÍA HERMOSA,DROGUERÍA HERMOSA,"Av. Principal 5957, Trujillo",912727640,
20000470,Farmacia Corazón,Farmacia Corazón,"Av. Central 1063, Arequipa",974400645,farmaciacorazón@gmail.com
20000471,Droguería Especial,Droguería Especial,,922838770,
20000472,Droguería Integral,DROGUERÍA INTEGRAL,"Av. Principal 5170, Huancayo",922372685,
20000473,BOTICA MATRIZ,BOTICA MATRIZ,"Av. Central 5619, Huancayo",978868564,
20000474,botica EXCELENCIA,BOTICA EXCELENCIA,"Av. Comercial 5358, Lima",938271689,botica_excelencia@outlook.com  
20000475,Farmacia  Noble,FARMACIA  NOBLE,"Av. Comercial 4306, Arequipa",961576620,FARMACIA  NOBLE@GMAIL.COM
20000476,  DROGUERÍA EXPRESS,  DROGUERÍA EXPRESS,"Av. Central 5316, Huancayo",997281946,
20000477,Farmacia Nueva,Farmacia Nueva,"Av. Comercial 794, Pucallpa",911172899,farmacia.nueva@yahoo.com
20000478,Droguería Premium,DROGUERÍA PREMIUM,"Av. Comercial 6026, Lima",910189363,
20000479,  DROGUERÍA EXPRESS,  DROGUERÍA EXPRESS,"Av. Central 7764, Iquitos",976597212,  DROGUERÍA EXPRESS@GMAIL.COM
20000480,BOTICA SEGURA,BOTICA SEGURA,"Av. Central 2127, Trujillo",912493116,
20000481,Farmacia  UNIVERSAL,FARMACIA  UNIVERSAL,"Av. Principal 792, Trujillo",967789787,farmacia__universal@outlook.com  
20000482,Farmacia  Global,Farmacia  Global,"Av. Comercial 1576, Iquitos",938929492,farmacia..global@yahoo.com
20000483,Botica Éxito,BOTICA ÉXITO,"Av. Comercial 9323, Iquitos",920090040,boticaéxito@hotmail.com
20000484,Farmacia Salud Total,Farmacia Salud Total,"Av. Principal 9925, Pucallpa",966262225,farmaciasaludtotal@hotmail.com
20000485,Farmacia Siempre,Farmacia Siempre,"Av. Principal 103, Pucallpa",941504333,farmacia_siempre@outlook.com  
20000486,botica central,BOTICA CENTRAL,"Av. Principal 1948, Cusco",993331032,
20000487,BOTICA VIRTUD,BOTICA VIRTUD,"Av. Central 125, Cusco",927252941,botica_virtud@outlook.com  
20000488,Farmacia el Milagro,FARMACIA EL MILAGRO,"Av. Central 4838, Arequipa",957771798,farmaciaelmilagro@gmail.com
20000489,BOTICA SEGURA,BOTICA SEGURA,"Av. Comercial 4868, Trujillo",967572863,BOTICA SEGURA@GMAIL.COM
20000490,  Botica Amiga,  BOTICA AMIGA,"Av. Central 1819, Arequipa",921447322,..botica.amiga@yahoo.com
20000491,FARMACIA DEL DOCTOR,FARMACIA DEL DOCTOR,,974547917,
20000492,Farmacia Amistad,Farmacia Amistad,"Av. Central 1863, Pucallpa",977044391,
20000493,Droguería Especial,Droguería Especial,"Av. Central 5239, Pucallpa",929423694,
20000494,Botica Perfecta,Botica Perfecta,"Av. Comercial 4881, Ayacucho",,botica_perfecta@outlook.com  
20000495,  Botica Amiga,  Botica Amiga,"Av. Central 3369, Cusco",913635950,boticaamiga@hotmail.com
20000496,Drogueríamoderna,DROGUERÍAMODERNA,"Av. Comercial 7541, Arequipa",947511464,drogueríamoderna@gmail.com
20000497,BOTICA FELIZ,BOTICA FELIZ,"Av. Principal 191, Huancayo",963527749,
20000498,BOTICA VIRTUD,BOTICA VIRTUD,"Av. Comercial 7029, Arequipa",978480558,botica.virtud@yahoo.com
20000499,Drogueríamoderna,DROGUERÍAMODERNA,"Av. Central 9836, Lima",954602572,drogueríamoderna@yahoo.com
20000500,Botica Perfecta,BOTICA PERFECTA,"Av. Central 4842, Pucallpa",931519186,
20000501,  DROGUERÍA EXPRESS,  DROGUERÍA EXPRESS,"Av. Comercial 7658, Huancayo",,
20000502,FARMACIA SANTA ROSA,FARMACIA SANTA ROSA,"Av. Comercial 6478, Cusco",959813192,farmaciasantarosa@hotmail.com
20000503,BOTICA SEGURA,BOTICA SEGURA,,984522367,
20000504,DROGUERÍA HERMOSA,DROGUERÍA HERMOSA,"Av. Central 2173, Ayacucho",971161479,droguería.hermosa@yahoo.com
20000505,FARMACIA PROFESIONAL,FARMACIA PROFESIONAL,"Av. Central 4394, Pucallpa",999287149,farmaciaprofesional@hotmail.com
20000506,BOTICA SEGURA,BOTICA SEGURA,"Av. Comercial 2290, Ayacucho",933459168,botica_segura@outlook.com  
20000507,Droguería Integral,DROGUERÍA INTEGRAL,"Av. Central 1950, Pucallpa",927720278,
20000508,  Farmacia Fuerza,  Farmacia Fuerza,"Av. Principal 5421, Lima",967713908,farmaciafuerza@hotmail.com
20000509,Farmacia  Global,Farmacia  Global,"Av. Comercial 3543, Ayacucho",994070076,farmaciaglobal@hotmail.com
20000510,Farmacia Honor,FARMACIA HONOR,"Av. Principal 3958, Arequipa",966588918,FARMACIA HONOR@GMAIL.COM
20000511,Botica del Pueblo,Botica del Pueblo,"Av. Principal 6759, Arequipa",962047244,botica.del.pueblo@yahoo.com
20000512,Farmacia Salud Total,FARMACIA SALUD TOTAL,"Av. Principal 5241, Cusco",943724958,FARMACIA SALUD TOTAL@GMAIL.COM
20000513,Droguería Especial,DROGUERÍA ESPECIAL,,964456531,drogueríaespecial@hotmail.com
20000514,droguería moderna,DROGUERÍA MODERNA,"Av. Central 8472, Ayacucho",975193590,drogueríamoderna@gmail.com
20000515,BOTICA FELIZ,BOTICA FELIZ,"Av. Comercial 2612, Arequipa",946451900,boticafeliz@gmail.com
20000516,  Droguería  Los Andes,DROGUERÍA  LOS ANDES,"Av. Principal 3333, Iquitos",957927413,
20000517,Farmacia Vida Sana,FARMACIA VIDA SANA,"Av. Central 2507, Ayacucho",914373559,farmacia.vida.sana@yahoo.com
20000518,droguería moderna,DROGUERÍA MODERNA,"Av. Principal 2531, Arequipa",994599240,drogueríamoderna@gmail.com
20000519,Farmacia Salud Total,FARMACIA SALUD TOTAL,"Av. Comercial 754, Trujillo",931694843,farmaciasaludtotal@hotmail.com
20000520,  Farmacia San Juan,  FARMACIA SAN JUAN,"Av. Central 7660, Trujillo",940195662,
20000521,Farmacia  Noble,FARMACIA  NOBLE,"Av. Comercial 4696, Cusco",948775555,farmacia..noble@yahoo.com
20000522,Botica Cruz Azul,BOTICA CRUZ AZUL,"Av. Central 1907, Huancayo",978152235,boticacruzazul@hotmail.com
20000523,BOTICA MATRIZ,BOTICA MATRIZ,"Av. Central 3204, Trujillo",952148067,botica_matriz@outlook.com  
20000524,Botica del Pueblo,BOTICA DEL PUEBLO,"Av. Comercial 3562, Iquitos",931064091,boticadelpueblo@hotmail.com
20000525,Droguería Premium,DROGUERÍA PREMIUM,"Av. Principal 2726, Arequipa",992669722,drogueríapremium@hotmail.com
20000526,Farmacia Salud Total,FARMACIA SALUD TOTAL,"Av. Comercial 3665, Iquitos",990941508,
20000527,  Farmacia Corazón,FARMACIA CORAZÓN,"Av. Principal 8291, Arequipa",911544368,
20000528,Farmacia Nueva,FARMACIA NUEVA,"Av. Principal 3598, Arequipa",947985064,farmacianueva@hotmail.com
20000529,Droguería Integral,Droguería Integral,"Av. Principal 3444, Arequipa",975107012,droguería.integral@yahoo.com
20000530,Farmacia Honor,FARMACIA HONOR,"Av. Comercial 8360, Cusco",949637732,farmacia_honor@outlook.com  
20000531,FARMACIA SANTA ROSA,FARMACIA SANTA ROSA,"Av. Central 5309, Huancayo",,farmaciasantarosa@hotmail.com
20000532,Botica Éxito,BOTICA ÉXITO,"Av. Central 4413, Ayacucho",928159812,botica_éxito@outlook.com  
20000533,BOTICA VIRTUD,BOTICA VIRTUD,"Av. Principal 2658, Trujillo",940515435,botica.virtud@yahoo.com
20000534,BOTICA VIRTUD,BOTICA VIRTUD,"Av. Comercial 5355, Lima",951181223,botica_virtud@outlook.com  
20000535,Botica Bella,BOTICA BELLA,"Av. Central 5492, Lima",914576661,boticabella@hotmail.com
20000536,botica VALOR,botica VALOR,"Av. Principal 8352, Cusco",917727680,
20000537,Farmacia Esperanza,Farmacia Esperanza,"Av. Comercial 5378, Pucallpa",,FARMACIA ESPERANZA@GMAIL.COM
20000538,  Droguería Fiel,  DROGUERÍA FIEL,"Av. Comercial 7055, Cusco",,drogueríafiel@gmail.com
20000539,DROGUERÍA HERMOSA,DROGUERÍA HERMOSA,"Av. Central 2378, Pucallpa",910893008,drogueríahermosa@gmail.com
20000540,Botica del Centro,BOTICA DEL CENTRO,"Av. Principal 8214, Trujillo",918648768,
20000541,Botica Bella,BOTICA BELLA,,987542463,botica.bella@yahoo.com
20000542,  Farmacia Fuerza,  FARMACIA FUERZA,"Av. Comercial 6167, Iquitos",947552281,
20000543,Farmacia  Confianza,Farmacia  Confianza,"Av. Comercial 9171, Cusco",917549052,farmaciaconfianza@gmail.com
20000544,droguería moderna,DROGUERÍA MODERNA,"Av. Central 4457, Arequipa",926358649,
20000545,Farmacia  UNIVERSAL,FARMACIA  UNIVERSAL,"Av. Comercial 8805, Trujillo",972910657,farmacia..universal@yahoo.com
20000546,Droguería Buena,DROGUERÍA BUENA,"Av. Principal 239, Arequipa",918739990,
20000547,  Farmacia San Juan,  FARMACIA SAN JUAN,"Av. Principal 3132, Huancayo",999112950,..farmacia.san.juan@yahoo.com
20000548,Droguería  Los Andes,Droguería  Los Andes,"Av. Comercial 3768, Huancayo",919931798,
20000549,Farmacia Siempre,FARMACIA SIEMPRE,"Av. Central 1589, Cusco",996295643,FARMACIA SIEMPRE@GMAIL.COM
20000550,droguería moderna,DROGUERÍA MODERNA,"Av. Comercial 4755, Iquitos",928502738,DROGUERÍA MODERNA@GMAIL.COM
20000551,  botica EXCELENCIA,BOTICA EXCELENCIA,"Av. Comercial 1370, Arequipa",919731123,boticaexcelencia@gmail.com
20000552,botica central,BOTICA CENTRAL,"Av. Principal 1543, Lima",951532206,
20000553,Drogueríamoderna,DROGUERÍAMODERNA,"Av. Principal 676, Huancayo",976357238,DROGUERÍAMODERNA@GMAIL.COM
20000554,Drogueríamoderna,DROGUERÍAMODERNA,"Av. Principal 8061, Pucallpa",977728218,drogueríamoderna@hotmail.com
20000555,BOTICA MATRIZ,BOTICA MATRIZ,"Av. Comercial 9391, Lima",947046326,boticamatriz@gmail.com
20000556,  Farmacia Fuerza,  Farmacia Fuerza,"Av. Central 9959, Huancayo",960801994,__farmacia_fuerza@outlook.com  
20000557,Farmacia Salud Total,FARMACIA SALUD TOTAL,"Av. Principal 7673, Ayacucho",952189784,
20000558,  Farmacia San Juan,  FARMACIA SAN JUAN,"Av. Principal 7186, Arequipa",947093620,farmaciasanjuan@hotmail.com
20000559,Droguería Premium,DROGUERÍA PREMIUM,"Av. Principal 6115, Iquitos",979275538,
20000560,Farmacia Siempre,FARMACIA SIEMPRE,"Av. Central 2111, Lima",973386967,FARMACIA SIEMPRE@GMAIL.COM
20000561,FARMACIA SANTA ROSA,FARMACIA SANTA ROSA,"Av. Principal 3753, Pucallpa",916672635,
20000562,  Farmacia San Juan,  FARMACIA SAN JUAN,"Av. Central 9189, Cusco",959640621,..farmacia.san.juan@yahoo.com
20000563,Farmacia Oferta,FARMACIA OFERTA,"Av. Principal 5643, Huancayo",964165291,farmacia_oferta@outlook.com  
20000564,Droguería Buena,DROGUERÍA BUENA,,910322581,DROGUERÍA BUENA@GMAIL.COM
20000565,FARMACIA SANTA ROSA,FARMACIA SANTA ROSA,"Av. Comercial 2138, Huancayo",935566410,farmacia.santa.rosa@yahoo.com
20000566,botica EXCELENCIA,BOTICA EXCELENCIA,"Av. Comercial 3347, Arequipa",933139480,
20000567,FARMACIA DEL DOCTOR,FARMACIA DEL DOCTOR,"Av. Principal 3711, Iquitos",923349002,farmaciadeldoctor@hotmail.com
20000568,Farmacia Rápida,FARMACIA RÁPIDA,"Av. Central 6976, Cusco",947034853,farmaciarápida@hotmail.com
20000569,Botica del Centro,BOTICA DEL CENTRO,,969849314,
20000570,Farmacia Paz,FARMACIA PAZ,"Av. Principal 4897, Arequipa",932566618,farmaciapaz@hotmail.com
20000571,Botica Perfecta,BOTICA PERFECTA,"Av. Central 2420, Pucallpa",989313020,boticaperfecta@hotmail.com
20000572,  Botica Amiga,  BOTICA AMIGA,,919170561,boticaamiga@hotmail.com
20000573,botica EXCELENCIA,BOTICA EXCELENCIA,"Av. Central 8035, Huancayo",922386489,boticaexcelencia@gmail.com
20000574,Farmacia  UNIVERSAL,FARMACIA  UNIVERSAL,"Av. Comercial 7564, Arequipa",929247106,
20000575,Droguería   Completa,DROGUERÍA   COMPLETA,"Av. Principal 5357, Huancayo",914862553,
20000576,Droguería Integral,Droguería Integral,"Av. Central 3851, Lima",965760280,drogueríaintegral@gmail.com
20000577,Farmacia Popular,FARMACIA POPULAR,"Av. Comercial 1987, Ayacucho",943601154,farmaciapopular@gmail.com
20000578,Farmacia Paz,Farmacia Paz,,928336066,farmaciapaz@hotmail.com
20000579,botica generica,botica generica,"Av. Principal 3787, Huancayo",949284416,
20000580,  DROGUERÍA EXPRESS,  DROGUERÍA EXPRESS,"Av. Central 5077, Ayacucho",945577566,..droguería.express@yahoo.com
20000581,Farmacia Nueva,FARMACIA NUEVA,"Av. Central 9924, Ayacucho",922853133,FARMACIA NUEVA@GMAIL.COM
20000582,FARMACIA SANTA ROSA,FARMACIA SANTA ROSA,"Av. Principal 7900, Cusco",947546657,
20000583,Farmacia  UNIVERSAL,FARMACIA  UNIVERSAL,"Av. Central 9203, Huancayo",932801536,
20000584,Farmacia Corazón,FARMACIA CORAZÓN,"Av. Central 8979, Pucallpa",987362533,farmacia.corazón@yahoo.com
20000585,  Botica Elegancia,  Botica Elegancia,"Av. Central 3364, Arequipa",939447900,
20000586,Botica Calidad,Botica Calidad,"Av. Central 9817, Arequipa",944302672,botica.calidad@yahoo.com
20000587,  Droguería Buena,DROGUERÍA BUENA,"Av. Comercial 356, Ayacucho",941794089,DROGUERÍA BUENA@GMAIL.COM
20000588,Farmacia Honor,FARMACIA HONOR,"Av. Central 2090, Pucallpa",991913191,farmaciahonor@hotmail.com
20000589,botica central,BOTICA CENTRAL,"Av. Comercial 2714, Huancayo",993904060,
20000590,Drogueríamoderna,DROGUERÍAMODERNA,"Av. Central 1450, Arequipa",,
20000591,  Botica Elegancia,  Botica Elegancia,,911120856,__botica_elegancia@outlook.com  
20000592,Botica Perfecta,Botica Perfecta,"Av. Comercial 3394, Iquitos",914403621,
20000593,Botica Calidad,BOTICA CALIDAD,"Av. Comercial 5077, Pucallpa",932807241,boticacalidad@gmail.com
20000594,Droguería Premium,Droguería Premium,"Av. Principal 8138, Pucallpa",948250509,drogueríapremium@hotmail.com
20000595,Farmacia  UNIVERSAL,FARMACIA  UNIVERSAL,,937060609,FARMACIA  UNIVERSAL@GMAIL.COM
20000596,  Farmacia San Juan,  Farmacia San Juan,"Av. Principal 1711, Trujillo",942657364,
20000597,Botica Calidad,BOTICA CALIDAD,"Av. Principal 7006, Huancayo",972766705,
20000598,Botica del Pueblo,BOTICA DEL PUEBLO,"Av. Central 1489, Trujillo",954416050,
20000599,Farmacia Paz,FARMACIA PAZ,"Av. Central 9489, Ayacucho",920735419,farmaciapaz@gmail.com
